{
  "by_configuration": {
    "large_budget": {
      "bootstrap_strata": "family_x_size",
      "compressed_tolerance_rate": 1.0,
      "families_with_median_speedup_gt_one": 4,
      "family_median_speedup": {
        "correlated_risk": 3.736270955118404,
        "dense_frontier": 1.9089364342944863,
        "many_breakpoints": 3.917926567321768,
        "near_tie": 3.0962527195314715
      },
      "geomean_speedup": 2.983315938792608,
      "geomean_speedup_ci95": [
        2.769322125295422,
        3.197814602659189
      ],
      "instances": 12,
      "joint_tolerance_rate": 1.0,
      "median_compressed_theta_fraction": 0.40384615384615385,
      "median_speedup": 3.3858814554095065,
      "root_dominance_rate": 1.0,
      "sign_test_pvalue": 0.000244140625,
      "size_geomean_speedup": {
        "720": 2.983315938792608
      },
      "win_rate": 1.0,
      "wins": 12
    },
    "sparse_budget": {
      "bootstrap_strata": "family_x_size",
      "compressed_tolerance_rate": 1.0,
      "families_with_median_speedup_gt_one": 4,
      "family_median_speedup": {
        "correlated_risk": 1.8149869733867452,
        "dense_frontier": 1.156279595465887,
        "many_breakpoints": 3.893228675131667,
        "near_tie": 1.0226775912049366
      },
      "geomean_speedup": 1.8774470927754523,
      "geomean_speedup_ci95": [
        1.6786856116726334,
        2.28666065183423
      ],
      "instances": 12,
      "joint_tolerance_rate": 1.0,
      "median_compressed_theta_fraction": 0.11538461538461539,
      "median_speedup": 1.4516007373250548,
      "root_dominance_rate": 1.0,
      "sign_test_pvalue": 0.003173828125,
      "size_geomean_speedup": {
        "720": 1.8774470927754523
      },
      "win_rate": 0.9166666666666666,
      "wins": 11
    },
    "wide_menu": {
      "bootstrap_strata": "family_x_size",
      "compressed_tolerance_rate": 1.0,
      "families_with_median_speedup_gt_one": 4,
      "family_median_speedup": {
        "correlated_risk": 3.1750995228168213,
        "dense_frontier": 2.6052724427564797,
        "many_breakpoints": 2.0317075977434387,
        "near_tie": 7.0041880538563825
      },
      "geomean_speedup": 3.2192719333661786,
      "geomean_speedup_ci95": [
        3.0128509675681663,
        3.4203735674611933
      ],
      "instances": 12,
      "joint_tolerance_rate": 1.0,
      "median_compressed_theta_fraction": 0.23076923076923078,
      "median_speedup": 2.6242213638871075,
      "root_dominance_rate": 1.0,
      "sign_test_pvalue": 0.000244140625,
      "size_geomean_speedup": {
        "720": 3.2192719333661786
      },
      "win_rate": 1.0,
      "wins": 12
    }
  },
  "gates": {
    "compressed_tolerance": true,
    "configuration_breadth": true
  },
  "instances": 36,
  "pass": true
}