{
  "bootstrap_strata": "family_x_size",
  "compressed_tolerance_rate": 1.0,
  "families_with_median_speedup_gt_one": 4,
  "family_median_speedup": {
    "correlated_risk": 6.071319063425689,
    "dense_frontier": 7.38593956623839,
    "many_breakpoints": 3.6484801612355637,
    "near_tie": 7.220844281045885
  },
  "geomean_speedup": 5.76618165229731,
  "geomean_speedup_ci95": [
    5.76618165229731,
    5.76618165229731
  ],
  "instances": 8,
  "joint_tolerance_rate": 1.0,
  "median_compressed_theta_fraction": 0.11538461538461539,
  "median_speedup": 6.145711474707397,
  "root_dominance_rate": 1.0,
  "sign_test_pvalue": 0.00390625,
  "size_geomean_speedup": {
    "2880": 4.997992588906965,
    "5760": 6.652441006232362
  },
  "win_rate": 1.0,
  "wins": 8
}