{
  "by_configuration": {
    "large_budget": {
      "bootstrap_strata": "family_x_size",
      "compressed_tolerance_rate": 1.0,
      "families_with_median_speedup_gt_one": 4,
      "family_median_speedup": {
        "correlated_risk": 3.3824445628018918,
        "dense_frontier": 1.7991942721777299,
        "many_breakpoints": 2.9192734373485933,
        "near_tie": 2.9741012154607827
      },
      "geomean_speedup": 2.7909314465093007,
      "geomean_speedup_ci95": [
        2.581488483564418,
        3.1186277606509165
      ],
      "instances": 12,
      "joint_tolerance_rate": 1.0,
      "median_compressed_theta_fraction": 0.34615384615384615,
      "median_speedup": 2.921357760177215,
      "root_dominance_rate": 1.0,
      "sign_test_pvalue": 0.000244140625,
      "size_geomean_speedup": {
        "720": 2.7909314465093007
      },
      "win_rate": 1.0,
      "wins": 12
    },
    "sparse_budget": {
      "bootstrap_strata": "family_x_size",
      "compressed_tolerance_rate": 1.0,
      "families_with_median_speedup_gt_one": 4,
      "family_median_speedup": {
        "correlated_risk": 1.4955701201298084,
        "dense_frontier": 1.2142548490592622,
        "many_breakpoints": 3.8623096991806882,
        "near_tie": 1.0215844434066217
      },
      "geomean_speedup": 1.834017499212938,
      "geomean_speedup_ci95": [
        1.621732599814199,
        2.277082921721686
      ],
      "instances": 12,
      "joint_tolerance_rate": 1.0,
      "median_compressed_theta_fraction": 0.11538461538461539,
      "median_speedup": 1.365461637243424,
      "root_dominance_rate": 1.0,
      "sign_test_pvalue": 0.000244140625,
      "size_geomean_speedup": {
        "720": 1.834017499212938
      },
      "win_rate": 1.0,
      "wins": 12
    },
    "wide_menu": {
      "bootstrap_strata": "family_x_size",
      "compressed_tolerance_rate": 1.0,
      "families_with_median_speedup_gt_one": 4,
      "family_median_speedup": {
        "correlated_risk": 2.276958679364603,
        "dense_frontier": 8.335064803393621,
        "many_breakpoints": 1.6320256862645364,
        "near_tie": 2.1024853237635712
      },
      "geomean_speedup": 2.8418949210486466,
      "geomean_speedup_ci95": [
        2.2678415892085453,
        3.5477261554651602
      ],
      "instances": 12,
      "joint_tolerance_rate": 1.0,
      "median_compressed_theta_fraction": 0.2884615384615385,
      "median_speedup": 2.2339776261591933,
      "root_dominance_rate": 1.0,
      "sign_test_pvalue": 0.000244140625,
      "size_geomean_speedup": {
        "720": 2.8418949210486466
      },
      "win_rate": 1.0,
      "wins": 12
    }
  },
  "gates": {
    "compressed_tolerance": true,
    "configuration_breadth": true
  },
  "instances": 36,
  "pass": true
}