{
  "bootstrap_strata": "family_x_size",
  "compressed_tolerance_rate": 1.0,
  "families_with_median_speedup_gt_one": 4,
  "family_median_speedup": {
    "correlated_risk": 6.714516745600493,
    "dense_frontier": 7.811884659237146,
    "many_breakpoints": 2.7455173937489423,
    "near_tie": 8.286620155692901
  },
  "geomean_speedup": 5.798258243411897,
  "geomean_speedup_ci95": [
    5.798258243411897,
    5.798258243411897
  ],
  "instances": 8,
  "joint_tolerance_rate": 1.0,
  "median_compressed_theta_fraction": 0.11538461538461539,
  "median_speedup": 7.039928810163733,
  "root_dominance_rate": 1.0,
  "sign_test_pvalue": 0.00390625,
  "size_geomean_speedup": {
    "2880": 5.004713274085556,
    "5760": 6.717627327698795
  },
  "win_rate": 1.0,
  "wins": 8
}